{"Training_accuracy": 0.8090333333333334, "Validation_accuracy": 0.8006, "Training_loss": 0.7960859660421997, "Validation_loss": 0.8463960269403147, "Epoch": 5, "_timestamp": 1679079240.767088, "_runtime": 164.93638682365417, "_step": 5, "Accuracy": 0.8006, "_wandb": {"runtime": 163}}