{"Training_accuracy": 0.85045, "Validation_accuracy": 0.8375, "Training_loss": 0.10824666616673667, "Validation_loss": 0.12384342511603114, "Epoch": 5, "_timestamp": 1678378095.1799595, "_runtime": 65.82273960113525, "_step": 5, "Accuracy": 0.8375}