{"Training_accuracy": 0.8049833333333334, "Validation_accuracy": 0.7938, "Training_loss": 0.619230329151726, "Validation_loss": 0.637487344819889, "Epoch": 10, "_timestamp": 1678531093.435606, "_runtime": 145.18728804588318, "_step": 10, "Accuracy": 0.7938, "_wandb": {"runtime": 144}}