{"Training_accuracy": 0.6685166666666666, "Validation_accuracy": 0.6729, "Training_loss": 0.9027955865967777, "Validation_loss": 0.9312158671158882, "Epoch": 10, "_timestamp": 1679046224.975865, "_runtime": 345.52685284614563, "_step": 10, "Accuracy": 0.6729, "_wandb": {"runtime": 344}}