{"Training_accuracy": 0.5488, "Validation_accuracy": 0.543, "Training_loss": 1.5230841616308028, "Validation_loss": 1.5633236331267686, "Epoch": 10, "_timestamp": 1679053415.0392845, "_runtime": 146.92917847633362, "_step": 10, "Accuracy": 0.543, "_wandb": {"runtime": 146}}