{"Training_accuracy": 0.13923333333333332, "Validation_accuracy": 0.1319, "Training_loss": 2.2890401923596495, "Validation_loss": 2.286479247621283, "Epoch": 10, "_timestamp": 1678448596.1008923, "_runtime": 203.13425731658936, "_step": 10, "Accuracy": 0.1319, "_wandb": {"runtime": 202}}