{"Training_accuracy": 0.09618333333333333, "Validation_accuracy": 0.1, "Training_loss": 0.45000387498755134, "Validation_loss": 0.4500002073987716, "Epoch": 10, "_timestamp": 1678393755.6793387, "_runtime": 284.99739170074463, "_step": 10, "Accuracy": 0.1, "_wandb": {"runtime": 284}}