{"Training_accuracy": 0.7145166666666667, "Validation_accuracy": 0.7143, "Training_loss": 0.1951375897874369, "Validation_loss": 0.19555104133296267, "Epoch": 5, "_timestamp": 1678394317.8807828, "_runtime": 198.48766589164734, "_step": 5, "Accuracy": 0.7143, "_wandb": {"runtime": 197}}