{"Training_accuracy": 0.7309166666666667, "Validation_accuracy": 0.7273, "Training_loss": 0.7269925954962656, "Validation_loss": 0.7375453201164306, "Epoch": 5, "_timestamp": 1678529250.3148441, "_runtime": 400.6253490447998, "_step": 5, "Accuracy": 0.7273, "_wandb": {"runtime": 399}}