{"Training_accuracy": 0.6850833333333334, "Validation_accuracy": 0.7019, "Training_loss": 0.9490087921116227, "Validation_loss": 0.8705000132137739, "Epoch": 5, "_timestamp": 1679220412.4845476, "_runtime": 272.7872145175934, "_step": 5, "Accuracy": 0.7019, "_wandb": {"runtime": 271}}