{"Training_accuracy": 0.6262833333333333, "Validation_accuracy": 0.5924, "Training_loss": 0.9750340761160601, "Validation_loss": 0.9617452601190005, "Epoch": 5, "_timestamp": 1678520424.5189712, "_runtime": 176.33464217185974, "_step": 5, "Accuracy": 0.5924, "_wandb": {"runtime": 175}}