{"Training_accuracy": 0.8861833333333333, "Validation_accuracy": 0.8671, "Training_loss": 0.3105821514674845, "Validation_loss": 0.3656946912706324, "Epoch": 10, "_timestamp": 1679125569.6658192, "_runtime": 295.13176107406616, "_step": 10, "Accuracy": 0.8671, "_wandb": {"runtime": 294}}