{"Training_accuracy": 0.5736333333333333, "Validation_accuracy": 0.5737, "Training_loss": 1.4046097045182264, "Validation_loss": 1.3814330302052709, "Epoch": 10, "_timestamp": 1678458130.2754896, "_runtime": 260.68890166282654, "_step": 10, "Accuracy": 0.5737, "_wandb": {"runtime": 259}}