{"Training_accuracy": 0.11866666666666667, "Validation_accuracy": 0.1, "Training_loss": 2.298169046258796, "Validation_loss": 2.2956454615022923, "Epoch": 5, "_timestamp": 1679052010.708838, "_runtime": 104.85676407814026, "_step": 5, "Accuracy": 0.1, "_wandb": {"runtime": 103}}