{"Training_accuracy": 0.8554, "Validation_accuracy": 0.8337, "Training_loss": 0.10371509854592542, "Validation_loss": 0.11978234494046494, "Epoch": 10, "_timestamp": 1678386918.671728, "_runtime": 290.55295395851135, "_step": 10, "Accuracy": 0.8337, "_wandb": {"runtime": 289}}