{"Training_accuracy": 0.74145, "Validation_accuracy": 0.7338, "Training_loss": 0.18987154500405828, "Validation_loss": 0.19124735574763713, "Epoch": 10, "_timestamp": 1678395720.3076255, "_runtime": 280.19074749946594, "_step": 10, "Accuracy": 0.7338, "_wandb": {"runtime": 279}}