{"Training_accuracy": 0.86075, "Validation_accuracy": 0.8511, "Training_loss": 0.3873993566854093, "Validation_loss": 0.4243922950848764, "Epoch": 5, "_timestamp": 1678459699.1624885, "_runtime": 76.4431414604187, "_step": 5, "Accuracy": 0.8511, "_wandb": {"runtime": 75}}