{"Training_accuracy": 0.5288833333333334, "Validation_accuracy": 0.5786, "Training_loss": 1.1254695951122717, "Validation_loss": 1.1086884785267375, "Epoch": 10, "_timestamp": 1678451760.6919029, "_runtime": 280.775673866272, "_step": 10, "Accuracy": 0.5786, "_wandb": {"runtime": 279}}