{"Training_accuracy": 0.8501166666666666, "Validation_accuracy": 0.8358, "Training_loss": 0.41192948982397665, "Validation_loss": 0.44550066043897313, "Epoch": 3, "_timestamp": 1678509725.9095144, "_runtime": 225.91323137283325, "_step": 2}