{"Training_accuracy": 0.10058333333333333, "Validation_accuracy": 0.1, "Training_loss": 2.3095683316663815, "Validation_loss": 2.308820220602385, "Epoch": 5, "_timestamp": 1678459156.5910754, "_runtime": 131.082293510437, "_step": 5, "Accuracy": 0.1, "_wandb": {"runtime": 130}}