{"Training_accuracy": 0.5773666666666667, "Validation_accuracy": 0.5759, "Training_loss": 1.389043695744582, "Validation_loss": 1.3661003086564625, "Epoch": 10, "_timestamp": 1678454466.4064822, "_runtime": 248.94782614707947, "_step": 10, "Accuracy": 0.5759, "_wandb": {"runtime": 248}}