{"Training_accuracy": 0.7117333333333333, "Validation_accuracy": 0.716, "Training_loss": 0.7629437852946944, "Validation_loss": 0.7313029785663262, "Epoch": 5, "_timestamp": 1679126048.1706316, "_runtime": 103.99394273757935, "_step": 5, "Accuracy": 0.716, "_wandb": {"runtime": 103}}