{"Training_accuracy": 0.76445, "Validation_accuracy": 0.7245, "Training_loss": 0.6754021561816663, "Validation_loss": 0.7806300383036036, "Epoch": 5, "_timestamp": 1679135395.080762, "_runtime": 178.60586500167847, "_step": 5, "Accuracy": 0.7245, "_wandb": {"runtime": 177}}