{"Training_accuracy": 0.80875, "Validation_accuracy": 0.7896, "Training_loss": 0.5323595116660355, "Validation_loss": 0.5831369686578586, "Epoch": 10, "_timestamp": 1678519243.065835, "_runtime": 132.51733994483948, "_step": 10, "Accuracy": 0.7896, "_wandb": {"runtime": 131}}