{"Training_accuracy": 0.6415666666666666, "Validation_accuracy": 0.6081, "Training_loss": 1.0296790519182963, "Validation_loss": 1.0748583018572246, "Epoch": 10, "_timestamp": 1679121041.4557362, "_runtime": 175.30794715881348, "_step": 10, "Accuracy": 0.6081, "_wandb": {"runtime": 174}}