{"Training_accuracy": 0.58155, "Validation_accuracy": 0.5773, "Training_loss": 1.1895461612560456, "Validation_loss": 1.194681937708019, "Epoch": 10, "_timestamp": 1679051348.0057564, "_runtime": 348.41886949539185, "_step": 10, "Accuracy": 0.5773, "_wandb": {"runtime": 347}}