{"Training_accuracy": 0.89405, "Validation_accuracy": 0.8667, "Training_loss": 0.28768519220665584, "Validation_loss": 0.37217105872461076, "Epoch": 10, "_timestamp": 1678447768.4709892, "_runtime": 289.4025151729584, "_step": 10, "Accuracy": 0.8667, "_wandb": {"runtime": 288}}