{"Training_accuracy": 0.7898666666666667, "Validation_accuracy": 0.7835, "Training_loss": 0.559397519119346, "Validation_loss": 0.5681897645938482, "Epoch": 5, "_timestamp": 1679086582.8836548, "_runtime": 115.45941472053528, "_step": 5, "Accuracy": 0.7835, "_wandb": {"runtime": 114}}