{"Training_accuracy": 0.8630666666666666, "Validation_accuracy": 0.8511, "Training_loss": 0.3794370826353522, "Validation_loss": 0.4197437296179259, "Epoch": 5, "_timestamp": 1679046864.6346705, "_runtime": 107.24964642524719, "_step": 5, "Accuracy": 0.8511, "_wandb": {"runtime": 106}}