{"Training_accuracy": 0.8766166666666667, "Validation_accuracy": 0.8656, "Training_loss": 0.34125505517389854, "Validation_loss": 0.3712030175792023, "Epoch": 5, "_timestamp": 1679085779.859584, "_runtime": 107.42299914360046, "_step": 5, "Accuracy": 0.8656, "_wandb": {"runtime": 106}}