{"Training_accuracy": 0.8371, "Validation_accuracy": 0.8253, "Training_loss": 0.5214576128464912, "Validation_loss": 0.5794883865448804, "Epoch": 5, "_timestamp": 1678465532.247791, "_runtime": 86.86930799484253, "_step": 5, "Accuracy": 0.8253, "_wandb": {"runtime": 86}}