{"Training_accuracy": 0.09988333333333334, "Validation_accuracy": 0.1, "Training_loss": 2.308265494345598, "Validation_loss": 2.3078012479737606, "Epoch": 10, "_timestamp": 1678457855.6832788, "_runtime": 274.9854168891907, "_step": 10, "Accuracy": 0.1, "_wandb": {"runtime": 274}}