{"Training_accuracy": 0.8480333333333333, "Validation_accuracy": 0.8331, "Training_loss": 0.6294693678625242, "Validation_loss": 0.7992536513852148, "Epoch": 5, "_timestamp": 1678531305.858111, "_runtime": 75.26096796989441, "_step": 5, "Accuracy": 0.8331, "_wandb": {"runtime": 74}}