{"Training_accuracy": 0.8692166666666666, "Validation_accuracy": 0.8558, "Training_loss": 0.36993021926400105, "Validation_loss": 0.4088661238672323, "Epoch": 10, "_timestamp": 1678454021.1980298, "_runtime": 144.84190678596497, "_step": 10, "Accuracy": 0.8558, "_wandb": {"runtime": 144}}