{"Training_accuracy": 0.80015, "Validation_accuracy": 0.7935, "Training_loss": 0.6297722194369113, "Validation_loss": 0.6452316448272881, "Epoch": 5, "_timestamp": 1678439806.5765421, "_runtime": 154.85958814620972, "_step": 5, "Accuracy": 0.7935, "_wandb": {"runtime": 153}}