{"Training_accuracy": 0.8801333333333333, "Validation_accuracy": 0.8482, "Training_loss": 0.3262001678152098, "Validation_loss": 0.4364701574218536, "Epoch": 10, "_timestamp": 1678440822.8206675, "_runtime": 167.95509147644043, "_step": 10, "Accuracy": 0.8482, "_wandb": {"runtime": 167}}