{"Training_accuracy": 0.8222, "Validation_accuracy": 0.7898, "Training_loss": 0.549232404194159, "Validation_loss": 0.649614886182302, "Epoch": 10, "_timestamp": 1678446615.982345, "_runtime": 140.5206241607666, "_step": 10, "Accuracy": 0.7898, "_wandb": {"runtime": 139}}