{"Training_accuracy": 0.8716666666666667, "Validation_accuracy": 0.8578, "Training_loss": 0.09242323245883007, "Validation_loss": 0.10151723822818672, "Epoch": 3, "_timestamp": 1678379707.2788298, "_runtime": 43.193864822387695, "_step": 2}