{"Training_accuracy": 0.49133333333333334, "Validation_accuracy": 0.5039, "Training_loss": 1.583329344909831, "Validation_loss": 1.5654530432693405, "Epoch": 10, "_timestamp": 1679129032.6408105, "_runtime": 176.3810715675354, "_step": 10, "Accuracy": 0.5039, "_wandb": {"runtime": 175}}