{"Training_accuracy": 0.09618333333333333, "Validation_accuracy": 0.1, "Training_loss": 0.45000387498755134, "Validation_loss": 0.4500002073987716, "Epoch": 10, "_timestamp": 1678381348.2757573, "_runtime": 258.8023474216461, "_step": 10, "Accuracy": 0.1, "_wandb": {"runtime": 258}}