{"Training_accuracy": 0.0998, "Validation_accuracy": 0.1, "Training_loss": 0.4500073342519777, "Validation_loss": 0.4500026152501102, "Epoch": 10, "_timestamp": 1678378810.5769053, "_runtime": 144.69874620437622, "_step": 10, "Accuracy": 0.1}