{"Training_accuracy": 0.8368666666666666, "Validation_accuracy": 0.8274, "Training_loss": 0.4526818195389473, "Validation_loss": 0.5033189731745082, "Epoch": 5, "_timestamp": 1678520237.8025753, "_runtime": 101.35914731025696, "_step": 5, "Accuracy": 0.8274, "_wandb": {"runtime": 100}}