{"Training_accuracy": 0.6922666666666667, "Validation_accuracy": 0.7535, "Training_loss": 0.8625974866635159, "Validation_loss": 0.7188631150107804, "Epoch": 5, "_timestamp": 1678461484.2709305, "_runtime": 68.60477662086487, "_step": 5, "Accuracy": 0.7535, "_wandb": {"runtime": 67}}