{"Training_accuracy": 0.86235, "Validation_accuracy": 0.8458, "Training_loss": 0.3798128160612412, "Validation_loss": 0.41611828399760054, "Epoch": 5, "_timestamp": 1678460455.6176293, "_runtime": 144.08659720420837, "_step": 5, "Accuracy": 0.8458, "_wandb": {"runtime": 143}}