{"Training_accuracy": 0.8231166666666667, "Validation_accuracy": 0.8209, "Training_loss": 0.5192705833267944, "Validation_loss": 0.5268985880905235, "Epoch": 10, "_timestamp": 1679080477.378622, "_runtime": 242.3180160522461, "_step": 10, "Accuracy": 0.8209, "_wandb": {"runtime": 241}}