{"Training_accuracy": 0.10003333333333334, "Validation_accuracy": 0.1, "Training_loss": 2.3061485529861945, "Validation_loss": 2.3060136864667045, "Epoch": 5, "_timestamp": 1678456437.6079268, "_runtime": 100.19149875640869, "_step": 5, "Accuracy": 0.1, "_wandb": {"runtime": 99}}