{"Training_accuracy": 0.6759, "Validation_accuracy": 0.6682, "Training_loss": 0.8151453256363648, "Validation_loss": 0.8493155082923269, "Epoch": 10, "_timestamp": 1678530673.018758, "_runtime": 369.4350049495697, "_step": 10, "Accuracy": 0.6682, "_wandb": {"runtime": 368}}