{"Training_accuracy": 0.9025166666666666, "Validation_accuracy": 0.8721, "Training_loss": 0.07248643727323471, "Validation_loss": 0.09387831842058715, "Epoch": 10, "_timestamp": 1678388980.0374067, "_runtime": 157.32878160476685, "_step": 10, "Accuracy": 0.8721, "_wandb": {"runtime": 156}}