{"Training_accuracy": 0.10113333333333334, "Validation_accuracy": 0.1, "Training_loss": 2.3039842416395504, "Validation_loss": 2.3040296679513834, "Epoch": 10, "_timestamp": 1678449576.392451, "_runtime": 305.7588469982147, "_step": 10, "Accuracy": 0.1, "_wandb": {"runtime": 304}}