{"Training_accuracy": 0.8697333333333334, "Validation_accuracy": 0.8533, "Training_loss": 0.3658719309803563, "Validation_loss": 0.40095158489321847, "Epoch": 10, "_timestamp": 1678445555.7027802, "_runtime": 187.0729043483734, "_step": 10, "Accuracy": 0.8533, "_wandb": {"runtime": 186}}