{"Training_accuracy": 0.5682, "Validation_accuracy": 0.5527, "Training_loss": 5.460824419269098, "Validation_loss": 5.638637393834711, "Epoch": 5, "_timestamp": 1679123099.3940334, "_runtime": 79.99144053459167, "_step": 5, "Accuracy": 0.5527, "_wandb": {"runtime": 78}}