{"Training_accuracy": 0.8152833333333334, "Validation_accuracy": 0.7823, "Training_loss": 0.5331444797099182, "Validation_loss": 0.6133002008075973, "Epoch": 10, "_timestamp": 1679077844.8185048, "_runtime": 294.6202359199524, "_step": 10, "Accuracy": 0.7823, "_wandb": {"runtime": 293}}