{"Training_accuracy": 0.8305833333333333, "Validation_accuracy": 0.8202, "Training_loss": 0.47152537424245444, "Validation_loss": 0.5084395029914472, "Epoch": 5, "_timestamp": 1679051850.9312255, "_runtime": 78.00394749641418, "_step": 5, "Accuracy": 0.8202, "_wandb": {"runtime": 77}}