{"Training_accuracy": 0.09973333333333333, "Validation_accuracy": 0.1, "Training_loss": 0.45006030864456886, "Validation_loss": 0.45006883149790694, "Epoch": 5, "_timestamp": 1678387042.8839812, "_runtime": 110.66982531547546, "_step": 5, "Accuracy": 0.1, "_wandb": {"runtime": 109}}