{"Training_accuracy": 0.83395, "Validation_accuracy": 0.829, "Training_loss": 0.12356147871885921, "Validation_loss": 0.12852205372484637, "Epoch": 5, "_timestamp": 1678370264.3072782, "_runtime": 80.16829013824463, "_step": 5, "Accuracy": 0.829}