{"Training_accuracy": 0.1, "Validation_accuracy": 0.1, "Training_loss": 0.4500001568159289, "Validation_loss": 0.45000004963868706, "Epoch": 10, "_timestamp": 1678375102.594127, "_runtime": 226.87234497070312, "_step": 10, "Accuracy": 0.1}