{"Training_accuracy": 0.7719166666666667, "Validation_accuracy": 0.7747, "Training_loss": 0.6219194346668265, "Validation_loss": 0.632535136962259, "Epoch": 5, "_timestamp": 1678453700.0386279, "_runtime": 149.62642693519592, "_step": 5, "Accuracy": 0.7747, "_wandb": {"runtime": 148}}