{"Training_accuracy": 0.82045, "Validation_accuracy": 0.8156, "Training_loss": 0.4996529820595239, "Validation_loss": 0.5101611648929816, "Epoch": 5, "_timestamp": 1679080700.4640706, "_runtime": 107.77753853797913, "_step": 5, "Accuracy": 0.8156, "_wandb": {"runtime": 105}}