{"Training_accuracy": 0.09958333333333333, "Validation_accuracy": 0.1, "Training_loss": 0.45014363395837736, "Validation_loss": 0.4501775575239246, "Epoch": 10, "_timestamp": 1678390874.433374, "_runtime": 155.4614918231964, "_step": 10, "Accuracy": 0.1, "_wandb": {"runtime": 154}}