{"Training_accuracy": 0.1107, "Validation_accuracy": 0.1, "Training_loss": 2.3009398171656184, "Validation_loss": 2.300686066594086, "Epoch": 10, "_timestamp": 1679045011.4866087, "_runtime": 322.7186436653137, "_step": 10, "Accuracy": 0.1, "_wandb": {"runtime": 321}}