{"Training_accuracy": 0.7440833333333333, "Validation_accuracy": 0.6983, "Training_loss": 0.7644983441864432, "Validation_loss": 0.9579144058295089, "Epoch": 10, "_timestamp": 1679079056.6084895, "_runtime": 301.51222562789917, "_step": 10, "Accuracy": 0.6983, "_wandb": {"runtime": 300}}