{"Training_accuracy": 0.7884833333333333, "Validation_accuracy": 0.7978, "Training_loss": 0.5858370663161009, "Validation_loss": 0.5800087379771399, "Epoch": 5, "_timestamp": 1679086453.6777003, "_runtime": 113.55839920043945, "_step": 5, "Accuracy": 0.7978, "_wandb": {"runtime": 112}}