{"Training_accuracy": 0.09878333333333333, "Validation_accuracy": 0.1, "Training_loss": 0.45000608725622987, "Validation_loss": 0.45000147386061945, "Epoch": 10, "_timestamp": 1678393024.9808836, "_runtime": 195.76906156539917, "_step": 10, "Accuracy": 0.1, "_wandb": {"runtime": 195}}